dataset,scenario,tool,rep,seconds,peak_rss_bytes,exit_code,md5_ok,notes
scaled-1GB,verify-intact,gopar-turbo (cgo/SIMD),1,3.488,270336000,0,n/a,
scaled-1GB,verify-intact,gopar-turbo (pure Go),1,3.488,270565376,0,n/a,
scaled-1GB,verify-intact,par2cmdline-turbo,1,0.805,8339456,0,n/a,
scaled-1GB,verify-intact,par2cmdline (stock),1,2.543,9109504,0,n/a,
scaled-1GB,verify-intact,par2turbo -N (misalign),1,0.809,8339456,0,n/a,
scaled-1GB,verify-intact,gopar-turbo (cgo/SIMD),2,3.555,270336000,0,n/a,
scaled-1GB,verify-intact,gopar-turbo (pure Go),2,3.546,270483456,0,n/a,
scaled-1GB,verify-intact,par2cmdline-turbo,2,0.816,8339456,0,n/a,
scaled-1GB,verify-intact,par2cmdline (stock),2,2.570,9093120,0,n/a,
scaled-1GB,verify-intact,par2turbo -N (misalign),2,0.820,8339456,0,n/a,
scaled-1GB,verify-intact,gopar-turbo (cgo/SIMD),3,3.572,270204928,0,n/a,
scaled-1GB,verify-intact,gopar-turbo (pure Go),3,3.567,270008320,0,n/a,
scaled-1GB,verify-intact,par2cmdline-turbo,3,0.817,8355840,0,n/a,
scaled-1GB,verify-intact,par2cmdline (stock),3,2.549,9093120,0,n/a,
scaled-1GB,verify-intact,par2turbo -N (misalign),3,0.819,8339456,0,n/a,
scaled-1GB,verify-damaged,gopar-turbo (cgo/SIMD),1,3.506,270057472,0,n/a,
scaled-1GB,verify-damaged,gopar-turbo (pure Go),1,3.559,270385152,0,n/a,
scaled-1GB,verify-damaged,par2cmdline-turbo,1,2.039,14155776,1,n/a,
scaled-1GB,verify-damaged,par2cmdline (stock),1,3.074,13860864,1,n/a,
scaled-1GB,verify-damaged,par2turbo -N (misalign),1,1.288,13090816,1,n/a,
scaled-1GB,verify-damaged,gopar-turbo (cgo/SIMD),2,3.455,270254080,0,n/a,
scaled-1GB,verify-damaged,gopar-turbo (pure Go),2,3.477,270221312,0,n/a,
scaled-1GB,verify-damaged,par2cmdline-turbo,2,2.043,13090816,1,n/a,
scaled-1GB,verify-damaged,par2cmdline (stock),2,3.075,13844480,1,n/a,
scaled-1GB,verify-damaged,par2turbo -N (misalign),2,1.284,13090816,1,n/a,
scaled-1GB,verify-damaged,gopar-turbo (cgo/SIMD),3,3.465,270499840,0,n/a,
scaled-1GB,verify-damaged,gopar-turbo (pure Go),3,3.463,269959168,0,n/a,
scaled-1GB,verify-damaged,par2cmdline-turbo,3,2.045,13090816,1,n/a,
scaled-1GB,verify-damaged,par2cmdline (stock),3,3.105,13877248,1,n/a,
scaled-1GB,verify-damaged,par2turbo -N (misalign),3,1.294,13090816,1,n/a,
scaled-1GB,repair-missing,gopar-turbo (cgo/SIMD),1,6.768,640155648,0,ok,
scaled-1GB,repair-missing,gopar-turbo (pure Go),1,17.221,625573888,0,ok,
scaled-1GB,repair-missing,par2cmdline-turbo,1,1.282,187514880,0,ok,
scaled-1GB,repair-missing,par2cmdline (stock),1,4.503,109477888,0,ok,
scaled-1GB,repair-missing,par2turbo -N (misalign),1,1.275,187531264,0,ok,
scaled-1GB,repair-missing,gopar-turbo (cgo/SIMD),2,6.885,640450560,0,ok,
scaled-1GB,repair-missing,gopar-turbo (pure Go),2,17.285,630472704,0,ok,
scaled-1GB,repair-missing,par2cmdline-turbo,2,1.254,187514880,0,ok,
scaled-1GB,repair-missing,par2cmdline (stock),2,4.514,109445120,0,ok,
scaled-1GB,repair-missing,par2turbo -N (misalign),2,1.284,187482112,0,ok,
scaled-1GB,repair-missing,gopar-turbo (cgo/SIMD),3,6.882,640598016,0,ok,
scaled-1GB,repair-missing,gopar-turbo (pure Go),3,17.287,630636544,0,ok,
scaled-1GB,repair-missing,par2cmdline-turbo,3,1.262,187514880,0,ok,
scaled-1GB,repair-missing,par2cmdline (stock),3,4.543,109445120,0,ok,
scaled-1GB,repair-missing,par2turbo -N (misalign),3,1.262,187482112,0,ok,
scaled-1GB,repair-corrupt,gopar-turbo (cgo/SIMD),1,9.137,695042048,0,ok,
scaled-1GB,repair-corrupt,gopar-turbo (pure Go),1,21.403,635600896,0,ok,
scaled-1GB,repair-corrupt,par2cmdline-turbo,1,3.302,211435520,0,ok,
scaled-1GB,repair-corrupt,par2cmdline (stock),1,7.618,135675904,0,ok,
scaled-1GB,repair-corrupt,par2turbo -N (misalign),1,2.519,213762048,0,ok,
scaled-1GB,repair-corrupt,gopar-turbo (cgo/SIMD),2,9.056,695402496,0,ok,
scaled-1GB,repair-corrupt,gopar-turbo (pure Go),2,21.425,625770496,0,ok,
scaled-1GB,repair-corrupt,par2cmdline-turbo,2,3.270,211451904,0,ok,
scaled-1GB,repair-corrupt,par2cmdline (stock),2,7.493,135708672,0,ok,
scaled-1GB,repair-corrupt,par2turbo -N (misalign),2,2.590,213762048,0,ok,
scaled-1GB,repair-corrupt,gopar-turbo (cgo/SIMD),3,9.063,695517184,0,ok,
scaled-1GB,repair-corrupt,gopar-turbo (pure Go),3,21.637,630521856,0,ok,
scaled-1GB,repair-corrupt,par2cmdline-turbo,3,3.329,211369984,0,ok,
scaled-1GB,repair-corrupt,par2cmdline (stock),3,7.506,135692288,0,ok,
scaled-1GB,repair-corrupt,par2turbo -N (misalign),3,2.502,213827584,0,ok,
full-4.36GiB,verify-intact,gopar-turbo (cgo/SIMD),1,17.399,932413440,0,n/a,
full-4.36GiB,verify-intact,gopar-turbo (pure Go),1,17.157,1001652224,0,n/a,
full-4.36GiB,verify-intact,par2cmdline-turbo,1,4.209,8601600,0,n/a,
full-4.36GiB,verify-intact,par2cmdline (stock),1,12.475,9371648,0,n/a,
full-4.36GiB,verify-intact,par2turbo -N (misalign),1,4.196,8634368,0,n/a,
full-4.36GiB,verify-damaged,gopar-turbo (cgo/SIMD),1,16.737,1000587264,0,n/a,
full-4.36GiB,verify-damaged,gopar-turbo (pure Go),1,16.672,1000275968,0,n/a,
full-4.36GiB,verify-damaged,par2cmdline-turbo,1,9.628,13369344,1,n/a,
full-4.36GiB,verify-damaged,par2cmdline (stock),1,15.198,14139392,1,n/a,
full-4.36GiB,verify-damaged,par2turbo -N (misalign),1,6.219,13369344,1,n/a,
full-4.36GiB,repair-missing,gopar-turbo (cgo/SIMD),1,93.405,2163900416,0,ok,
full-4.36GiB,repair-missing,gopar-turbo (pure Go),1,337.479,1694007296,0,ok,
full-4.36GiB,repair-missing,par2cmdline-turbo,1,9.058,590266368,0,ok,
full-4.36GiB,repair-missing,par2cmdline (stock),1,46.075,512180224,0,ok,
full-4.36GiB,repair-missing,par2turbo -N (misalign),1,9.391,589594624,0,ok,
full-4.36GiB,repair-corrupt,gopar-turbo (cgo/SIMD),1,99.935,2076409856,0,ok,
full-4.36GiB,repair-corrupt,gopar-turbo (pure Go),1,331.933,1645772800,0,ok,
full-4.36GiB,repair-corrupt,par2cmdline-turbo,1,18.887,565903360,0,ok,
full-4.36GiB,repair-corrupt,par2cmdline (stock),1,59.647,490962944,0,ok,
full-4.36GiB,repair-corrupt,par2turbo -N (misalign),1,15.108,580960256,0,ok,
